data,abertura,maxima,minima,fechamento,volume
2021-01-04,119024.0,120354.0,118062.0,118558.0,8741400
2021-01-05,118835.0,119790.0,116756.0,119223.0,9257100
2021-01-06,119377.0,120924.0,118917.0,119851.0,11638200
2021-01-07,119103.0,121983.0,119101.0,121956.0,11774800
2021-01-08,122387.0,125324.0,122386.0,125077.0,11085800
2021-01-11,125075.0,125075.0,122506.0,122807.0,9537600
2021-01-12,123255.0,124584.0,123227.0,123998.0,8949000
2021-01-13,123996.0,124032.0,121016.0,122040.0,10291500
2021-01-14,121947.0,123896.0,121947.0,123481.0,8974400
2021-01-15,123472.0,123472.0,120374.0,120502.0,9387600
2021-01-18,120351.0,122586.0,120351.0,121242.0,7223100
2021-01-19,121250.0,122120.0,119257.0,120673.0,7886000
2021-01-20,120645.0,121449.0,118740.0,119708.0,7947300
2021-01-21,119628.0,120243.0,117785.0,118443.0,8573900
2021-01-22,118318.0,118318.0,116109.0,117172.0,9373100
2021-01-26,117381.0,119167.0,116109.0,116464.0,10681400
2021-01-27,116463.0,117840.0,114887.0,115882.0,12380400
2021-01-28,115882.0,119314.0,115734.0,119314.0,12065900
2021-01-29,118880.0,118880.0,115299.0,116007.0,10965200
2021-02-01,115093.0,117862.0,115093.0,117365.0,8716500
2021-02-02,117520.0,119805.0,117519.0,118234.0,11625900
2021-02-03,118235.0,120210.0,118234.0,119725.0,8704300
2021-02-04,119728.0,120560.0,118918.0,119261.0,8100700
2021-02-05,119261.0,121117.0,119261.0,119925.0,8208400
2021-02-08,120239.0,120844.0,119140.0,119516.0,8619100
2021-02-09,119696.0,119975.0,118246.0,119429.0,7913500
2021-02-10,119472.0,119738.0,117970.0,118430.0,8644600
2021-02-11,118440.0,120283.0,118440.0,119235.0,7567400
2021-02-12,119300.0,119763.0,118163.0,119116.0,7655900
2021-02-17,119421.0,120573.0,118880.0,120391.0,8326100
2021-02-18,120361.0,120845.0,118515.0,119140.0,10720600
2021-02-19,119199.0,119250.0,117867.0,118748.0,10402800
2021-02-22,118388.0,118388.0,111650.0,112668.0,21768700
2021-02-23,112676.0,115380.0,112667.0,115227.0,15174900
2021-02-24,115229.0,116208.0,114668.0,115668.0,11399300
2021-02-25,115668.0,116506.0,111764.0,112256.0,12466500
2021-02-26,112260.0,113466.0,109827.0,110035.0,14618500
2021-03-01,110036.0,112445.0,110036.0,110335.0,11239900
2021-03-02,110328.0,112428.0,107319.0,111540.0,14823200
2021-03-03,111529.0,112398.0,107466.0,111184.0,15144300
2021-03-04,111191.0,114433.0,111163.0,112690.0,14221600
2021-03-05,112690.0,115504.0,112504.0,115202.0,13254800
2021-03-08,115202.0,115202.0,110268.0,110612.0,0
2021-03-09,110611.0,112525.0,109343.0,111331.0,12135300
2021-03-10,111331.0,112928.0,109999.0,112776.0,12511800
2021-03-11,112782.0,115127.0,112776.0,114984.0,12092100
2021-03-12,114984.0,114984.0,113253.0,114160.0,8110700
2021-03-15,114093.0,114903.0,113635.0,114851.0,8224700
2021-03-16,114845.0,114974.0,113370.0,114019.0,78000
2021-03-17,114018.0,116736.0,113428.0,116549.0,94300
2021-03-18,116549.0,116751.0,114302.0,114835.0,9920100
2021-03-19,114837.0,116446.0,114610.0,116222.0,12341800
2021-03-22,116222.0,116225.0,113620.0,114979.0,8160600
2021-03-23,114977.0,115599.0,113062.0,113262.0,8301500
2021-03-24,113272.0,114823.0,112064.0,112064.0,9834000
2021-03-25,112065.0,114024.0,110927.0,113750.0,10306500
2021-03-26,113750.0,115416.0,113305.0,114781.0,8659500
2021-03-29,114776.0,115553.0,114096.0,115419.0,7463300
2021-03-30,115414.0,117090.0,114999.0,116850.0,8141600
2021-03-31,116850.0,117249.0,115932.0,116634.0,10659200
2021-04-01,116644.0,117088.0,114991.0,115253.0,8009200
2021-04-05,115262.0,117668.0,115262.0,117518.0,7245100
2021-04-06,117519.0,118213.0,117176.0,117499.0,6800800
2021-04-07,117499.0,118303.0,116748.0,117624.0,0
2021-04-08,117624.0,118850.0,117486.0,118313.0,8778200
2021-04-09,118313.0,118643.0,117336.0,117670.0,7739400
2021-04-12,117661.0,118812.0,117661.0,118812.0,7000500
2021-04-13,118809.0,119529.0,118041.0,119297.0,8977600
2021-04-14,119298.0,120871.0,119298.0,120295.0,10076600
2021-04-15,120290.0,121409.0,120084.0,120701.0,7948100
2021-04-16,120701.0,121333.0,120199.0,121114.0,7945600
2021-04-19,121116.0,121974.0,120682.0,120934.0,10028100
2021-04-20,120925.0,121354.0,119841.0,120062.0,7811500
2021-04-22,120064.0,120995.0,119203.0,119371.0,8598600
2021-04-23,119372.0,120815.0,119372.0,120530.0,7615500
2021-04-26,120534.0,121393.0,119860.0,120595.0,7095300
2021-04-27,120595.0,121012.0,119003.0,119388.0,8362300
2021-04-28,119392.0,121276.0,119392.0,121053.0,9081500
2021-04-29,121053.0,121498.0,119703.0,120066.0,8500200
2021-04-30,120064.0,120125.0,118894.0,118894.0,11093200
2021-05-03,118951.0,119904.0,118528.0,119209.0,8888300
2021-05-04,119209.0,119293.0,117631.0,117712.0,8765500
2021-05-05,117725.0,119734.0,117725.0,119564.0,9059100
2021-05-06,119577.0,119966.0,119071.0,119921.0,8779600
2021-05-07,119922.0,122038.0,119922.0,122038.0,8865100
2021-05-10,122038.0,122772.0,121795.0,121909.0,8219100
2021-05-11,121904.0,122964.0,120145.0,122964.0,7988600
2021-05-12,122964.0,122964.0,119458.0,119710.0,9405200
2021-05-13,119711.0,121426.0,119711.0,120706.0,9356200
2021-05-14,120719.0,122195.0,120719.0,121881.0,10136300
2021-05-17,121880.0,123074.0,121680.0,122938.0,7408100
2021-05-18,122937.0,123544.0,122550.0,122980.0,7840100
2021-05-19,122976.0,123013.0,121595.0,122636.0,8825300
2021-05-20,122636.0,122734.0,122136.0,122701.0,7906400
2021-05-21,122701.0,122799.0,121760.0,122592.0,9493600
2021-05-24,122592.0,124167.0,122526.0,124032.0,8186300
2021-05-25,124032.0,124696.0,122701.0,122988.0,8914500
2021-05-26,122988.0,124256.0,122988.0,123989.0,8258400
2021-05-27,123989.0,124537.0,123470.0,124367.0,0
2021-05-28,124367.0,125698.0,124284.0,125561.0,8838500
2021-05-31,125561.0,126216.0,125540.0,126216.0,5946500
2021-06-01,126218.0,128363.0,126218.0,128267.0,12496100
2021-06-02,128268.0,129601.0,128167.0,129601.0,12781100
2021-06-04,129600.0,130137.0,129148.0,130126.0,9814800
2021-06-07,130125.0,131190.0,129498.0,130776.0,9655400
2021-06-08,130776.0,130776.0,129230.0,129787.0,10346600
2021-06-09,129800.0,130882.0,129281.0,129907.0,9833700
2021-06-10,129911.0,130527.0,129526.0,130076.0,8537900
2021-06-11,130076.0,130294.0,128678.0,129441.0,7748200
2021-06-14,129441.0,131084.0,129441.0,130208.0,8155700
2021-06-15,130208.0,130436.0,129304.0,130091.0,7211500
2021-06-16,130091.0,130283.0,128345.0,129259.0,12879400
2021-06-17,129259.0,129919.0,127576.0,128057.0,9664700
2021-06-18,128050.0,128796.0,127595.0,128405.0,12432000
2021-06-21,128405.0,129412.0,128048.0,129265.0,7333600
2021-06-22,129242.0,129259.0,127803.0,128767.0,9328000
2021-06-23,128769.0,129901.0,128182.0,128428.0,7988900
2021-06-24,128433.0,129541.0,128428.0,129514.0,7237000
2021-06-25,129513.0,129748.0,126697.0,127256.0,9363800
2021-06-28,127255.0,128067.0,126629.0,127429.0,8155600
2021-06-29,127429.0,127507.0,126184.0,127327.0,7777900
2021-06-30,127323.0,127323.0,126199.0,126802.0,9098600
2021-07-01,126802.0,127204.0,124994.0,125666.0,9292000
2021-07-02,125667.0,127672.0,125667.0,127622.0,7434800
2021-07-05,127622.0,127633.0,126531.0,126920.0,5255600
2021-07-06,126919.0,126919.0,124866.0,125095.0,7651300
2021-07-07,125096.0,127249.0,125094.0,127019.0,8151400
2021-07-08,127013.0,127013.0,124310.0,125428.0,8881400
2021-07-12,125428.0,127782.0,125428.0,127594.0,7421600
2021-07-13,127594.0,128420.0,126441.0,128168.0,7152000
2021-07-14,128169.0,129620.0,128085.0,128407.0,0
2021-07-15,128407.0,128976.0,126922.0,127468.0,7418600
2021-07-16,127468.0,128010.0,125808.0,125960.0,7355800
2021-07-19,125958.0,125958.0,123317.0,124395.0,9210200
2021-07-20,124395.0,125631.0,123631.0,125401.0,7627500
2021-07-21,125404.0,126112.0,125247.0,125929.0,7148900
2021-07-22,125930.0,126428.0,125416.0,126147.0,6480400
2021-07-23,126140.0,126204.0,124422.0,125053.0,6051800
2021-07-26,125058.0,126214.0,125006.0,126004.0,6325500
2021-07-27,126004.0,126026.0,123670.0,124612.0,7313800
2021-07-28,124615.0,126712.0,124542.0,126286.0,9038200
2021-07-29,126285.0,126476.0,124917.0,125675.0,7488400
2021-07-30,125672.0,125673.0,121748.0,121801.0,9399200
2021-08-02,121803.0,124536.0,121797.0,122516.0,8565400
2021-08-03,122516.0,123765.0,120807.0,123577.0,9391300
2021-08-04,123577.0,123587.0,121072.0,121801.0,9164200
2021-08-05,121801.0,123541.0,121128.0,121633.0,10913000
2021-08-06,121633.0,123287.0,121568.0,122810.0,7499200
2021-08-09,122809.0,123597.0,122258.0,123019.0,7171500
2021-08-10,123021.0,123513.0,122061.0,122202.0,8297600
2021-08-11,122203.0,122756.0,120827.0,122056.0,8685200
2021-08-12,122056.0,122095.0,120534.0,120701.0,11066000
2021-08-13,120701.0,121275.0,120045.0,121194.0,10642200
2021-08-16,121191.0,121191.0,118684.0,119180.0,9741700
2021-08-17,119179.0,119179.0,116248.0,117904.0,11218200
2021-08-18,117904.0,118739.0,116489.0,116643.0,11745800
2021-08-19,116641.0,117453.0,114801.0,117165.0,10525900
2021-08-20,117163.0,118308.0,116040.0,118053.0,8929300
2021-08-23,118053.0,118445.0,117062.0,117472.0,7853000
2021-08-24,117474.0,120463.0,117474.0,120211.0,9181000
2021-08-25,120210.0,120818.0,119226.0,120818.0,7520100
2021-08-26,120817.0,120833.0,118719.0,118724.0,8426900
2021-08-27,118725.0,120678.0,118721.0,120678.0,7323600
2021-08-30,120677.0,120684.0,119354.0,119740.0,6391900
2021-08-31,119738.0,120157.0,117911.0,118781.0,11535600
2021-09-01,118793.0,119942.0,118067.0,119396.0,9523000
2021-09-02,119394.0,119397.0,116534.0,116677.0,9862800
2021-09-03,116679.0,117396.0,115583.0,116933.0,12517500
2021-09-06,116926.0,117981.0,116156.0,117869.0,5111300
2021-09-08,117866.0,117866.0,113172.0,113413.0,12254400
2021-09-09,113413.0,116354.0,112435.0,115361.0,13890600
2021-09-10,115370.0,116896.0,114286.0,114286.0,11155700
2021-09-13,114300.0,117046.0,114300.0,116404.0,9253400
2021-09-14,116405.0,117270.0,115809.0,116181.0,9034100
2021-09-15,116191.0,116312.0,114741.0,115063.0,9456800
2021-09-16,115062.0,115062.0,113395.0,113794.0,10685500
2021-09-17,113794.0,113794.0,111157.0,111439.0,14827600
2021-09-20,111435.0,111435.0,107520.0,108844.0,11500200
2021-09-21,108859.0,110923.0,108859.0,110250.0,11247700
2021-09-22,110252.0,113321.0,110251.0,112282.0,12158600
2021-09-23,112282.0,114330.0,112281.0,114064.0,11476300
2021-09-24,114062.0,114062.0,112505.0,113283.0,9121200
2021-09-27,113283.0,114432.0,112360.0,113583.0,10739700
2021-09-28,113584.0,113584.0,109981.0,110124.0,13190800
2021-09-29,110125.0,112028.0,110125.0,111107.0,11372600
2021-09-30,111117.0,112371.0,110743.0,110979.0,13160600
2021-10-01,110980.0,113020.0,110980.0,112900.0,10779100
2021-10-04,112900.0,112900.0,109979.0,110393.0,11814200
2021-10-05,110397.0,111691.0,110087.0,110458.0,10379000
2021-10-06,110454.0,110614.0,108180.0,110560.0,13279200
2021-10-07,110563.0,111522.0,110563.0,110585.0,10646000
2021-10-08,110586.0,114172.0,110586.0,112833.0,12871400
2021-10-11,112834.0,113982.0,112052.0,112180.0,10283700
2021-10-13,112180.0,114159.0,111807.0,113456.0,11732700
2021-10-14,113457.0,113881.0,112708.0,113185.0,8956200
2021-10-15,113189.0,114776.0,113049.0,114648.0,11174900
2021-10-18,114647.0,114927.0,112841.0,114428.0,11201300
2021-10-19,114422.0,114422.0,109947.0,110673.0,14129200
2021-10-20,110677.0,112023.0,110176.0,110786.0,11735800
2021-10-21,110767.0,110767.0,105714.0,107735.0,16507700
2021-10-22,107714.0,107749.0,102854.0,106296.0,21165700
2021-10-25,106298.0,109372.0,106296.0,108715.0,11512100
2021-10-26,108713.0,108713.0,106321.0,106420.0,10762200
2021-10-27,106433.0,108224.0,106045.0,106363.0,10831300
2021-10-28,106369.0,107210.0,105282.0,105705.0,11502900
2021-10-29,105707.0,105954.0,103430.0,103501.0,12595800
2021-11-01,103514.0,106136.0,103514.0,105551.0,10734800
2021-11-03,105547.0,106754.0,104205.0,105617.0,14696900
2021-11-04,105617.0,105627.0,102835.0,103412.0,12084000
2021-11-05,103412.0,105555.0,103412.0,104824.0,12595000
2021-11-08,104824.0,105679.0,104182.0,104781.0,9358000
2021-11-09,104783.0,106674.0,104783.0,105535.0,11021200
2021-11-10,105535.0,107407.0,105140.0,105968.0,12277400
2021-11-11,105988.0,108669.0,105988.0,107725.0,12661400
2021-11-12,107576.0,107915.0,105842.0,106312.0,13248100
2021-11-16,106336.0,106971.0,104113.0,104508.0,11579400
2021-11-17,104405.0,105535.0,102551.0,102945.0,12832200
2021-11-18,102948.0,103757.0,102014.0,102524.0,10905700
2021-11-19,102426.0,103975.0,102143.0,103035.0,11101500
2021-11-22,103036.0,104613.0,102122.0,102122.0,10410000
2021-11-23,102124.0,103692.0,101736.0,103663.0,13032400
2021-11-24,103652.0,105041.0,102464.0,104514.0,10466600
2021-11-25,104514.0,106400.0,104514.0,105811.0,7890400
2021-11-26,105810.0,105810.0,101495.0,102224.0,10969100
2021-11-29,102227.0,104149.0,102226.0,102814.0,10283300
2021-11-30,102814.0,103066.0,100075.0,101915.0,18195100
2021-12-01,101916.0,104087.0,100727.0,100775.0,13762900
2021-12-02,100785.0,104466.0,100785.0,104466.0,14846500
2021-12-03,104467.0,106814.0,104090.0,105070.0,14581500
2021-12-06,105070.0,107498.0,105070.0,106859.0,11127500
2021-12-07,106868.0,108655.0,106868.0,107558.0,11773100
2021-12-08,107558.0,108521.0,107309.0,108096.0,13166800
2021-12-09,106573.0,106754.0,105890.0,106291.0,11082900
2021-12-10,106296.0,108275.0,106296.0,107758.0,10466000
2021-12-13,107758.0,109493.0,107383.0,107383.0,12512300
2021-12-14,107387.0,109148.0,106445.0,106760.0,11604300
2021-12-15,106763.0,107603.0,105697.0,107370.0,12663100
2021-12-16,107433.0,109034.0,107433.0,108212.0,13754600
2021-12-17,108324.0,108324.0,106518.0,107201.0,14934300
2021-12-20,107171.0,107171.0,104358.0,105020.0,10570000
2021-12-21,105020.0,105906.0,105020.0,105500.0,9041600
2021-12-22,105499.0,105711.0,104386.0,105244.0,8052900
2021-12-23,105251.0,105453.0,104637.0,104891.0,7283600
2021-12-27,104892.0,105694.0,104798.0,105531.0,7594900
2021-12-28,105555.0,105652.0,104503.0,104864.0,7509000
2021-12-29,104863.0,105190.0,103851.0,104107.0,6590000
2021-12-30,104106.0,105269.0,104106.0,104822.0,11138100
2022-01-03,104823.0,106125.0,103413.0,103922.0,11128500
2022-01-04,103922.0,104276.0,103096.0,103514.0,11491600
2022-01-05,103514.0,103514.0,100850.0,101006.0,0
2022-01-06,101006.0,102235.0,101000.0,101561.0,11749200
2022-01-07,101561.0,102719.0,101104.0,102719.0,11733200
2022-01-10,102719.0,102719.0,101038.0,101945.0,10264700
2022-01-11,101946.0,103780.0,101918.0,103779.0,12421500
2022-01-12,103779.0,105869.0,103771.0,105686.0,13026500
2022-01-13,105686.0,106251.0,104974.0,105530.0,11712300
2022-01-14,105530.0,107062.0,105028.0,106928.0,11457100
2022-01-17,106927.0,106928.0,106097.0,106692.0,6924200
2022-01-18,106369.0,107013.0,105786.0,106522.0,11221900
2022-01-19,106670.0,108602.0,106669.0,108013.0,12595600
2022-01-20,108015.0,109873.0,108015.0,109102.0,13630500
2022-01-21,109097.0,109786.0,108368.0,108942.0,13408400
2022-01-24,108941.0,108948.0,106624.0,107752.0,12700800
2022-01-25,107935.0,110115.0,107185.0,109845.0,13713900
2022-01-26,110207.0,112695.0,110204.0,111573.0,15513800
2022-01-27,111303.0,113057.0,111303.0,112315.0,14812000
2022-01-28,112611.0,112969.0,111407.0,111478.0,13520100
2022-01-31,111910.0,112495.0,111195.0,112388.0,12190800
2022-02-01,112143.0,113302.0,112135.0,113147.0,11133300
2022-02-02,113228.0,113666.0,111645.0,112161.0,11751200
2022-02-03,111897.0,112502.0,111225.0,111696.0,11039700
2022-02-04,111696.0,112415.0,110321.0,112245.0,0
2022-02-07,112247.0,112517.0,111490.0,111996.0,10672800
2022-02-08,111995.0,112251.0,110943.0,112234.0,10157500
2022-02-09,112233.0,113163.0,111710.0,112461.0,13794500
2022-02-10,112462.0,113812.0,112163.0,113359.0,13267900
2022-02-11,113368.0,114899.0,113128.0,113572.0,18602800
2022-02-14,113643.0,114167.0,113358.0,113807.0,10757600
2022-02-15,113905.0,114819.0,113882.0,114660.0,11649600
2022-02-16,114830.0,115734.0,114816.0,115181.0,12052100
2022-02-17,115181.0,115214.0,113389.0,113528.0,10807500
2022-02-18,113534.0,114213.0,112701.0,112768.0,11300700
2022-02-21,112880.0,113405.0,111608.0,111725.0,7864900
2022-02-22,111727.0,113315.0,111727.0,112892.0,12707000
2022-02-23,112892.0,113721.0,111748.0,112008.0,12120600
2022-02-24,112001.0,112001.0,109125.0,111592.0,16794700
2022-02-25,111591.0,113142.0,110673.0,113142.0,17555700
2022-03-02,113143.0,115429.0,113143.0,115174.0,0
2022-03-03,115173.0,115948.0,115010.0,115166.0,12123000
2022-03-04,115166.0,115166.0,113389.0,114474.0,10715700
2022-03-07,114469.0,114529.0,111140.0,111593.0,14057700
2022-03-08,111594.0,112390.0,110969.0,111203.0,15698500
2022-03-09,111210.0,114051.0,111207.0,113900.0,14705400
2022-03-10,113900.0,113939.0,111889.0,113663.0,12984000
2022-03-11,113664.0,114627.0,111332.0,111713.0,12475800
2022-03-14,111716.0,112299.0,109717.0,109928.0,10480900
2022-03-15,109925.0,109925.0,107781.0,108959.0,13653800
2022-03-16,108958.0,111183.0,108958.0,111112.0,13205200
2022-03-17,111113.0,113088.0,111070.0,113076.0,14407500
2022-03-18,113076.0,115311.0,112475.0,115311.0,19552500
2022-03-21,115307.0,116360.0,115208.0,116155.0,10378700
2022-03-22,116157.0,117541.0,116157.0,117272.0,11382700
2022-03-23,117270.0,118270.0,117036.0,117457.0,11083700
2022-03-24,117460.0,119256.0,117151.0,119053.0,13474400
2022-03-25,119062.0,119729.0,118548.0,119081.0,13814500
2022-03-28,119082.0,119444.0,118061.0,118738.0,9167700
2022-03-29,118740.0,120900.0,118740.0,120014.0,12931900
2022-03-30,120013.0,120531.0,119775.0,120260.0,10893300
2022-03-31,120261.0,120880.0,119999.0,119999.0,11202100
2022-04-01,120001.0,121579.0,120001.0,121570.0,13780900
2022-04-04,121569.0,121570.0,120754.0,121280.0,8812500
2022-04-05,121279.0,121628.0,118794.0,118885.0,11788300
2022-04-06,118885.0,118885.0,116791.0,118228.0,13410800
2022-04-07,118226.0,119247.0,117509.0,118862.0,11520100
2022-04-08,118861.0,118868.0,117487.0,118322.0,11225800
2022-04-11,118320.0,118320.0,116953.0,116953.0,9558400
2022-04-12,116963.0,118615.0,116054.0,116147.0,11406800
2022-04-13,116150.0,117329.0,116150.0,116782.0,12070500
2022-04-14,116781.0,116781.0,115624.0,116182.0,10365400
2022-04-18,116182.0,116191.0,115177.0,115687.0,8404900
2022-04-19,115687.0,115687.0,114277.0,115057.0,0
2022-04-20,115057.0,115057.0,113945.0,114344.0,10747700
2022-04-22,114343.0,114343.0,110591.0,111078.0,10877300
2022-04-25,111077.0,111155.0,109222.0,110685.0,11098300
2022-04-26,110684.0,110685.0,107978.0,108213.0,11747500
2022-04-27,108214.0,110107.0,108214.0,109349.0,11515700
2022-04-28,109349.0,110702.0,108905.0,109919.0,11129900
2022-04-29,109922.0,111819.0,107876.0,107876.0,13662200
2022-05-02,107876.0,107884.0,105218.0,106639.0,11935100
2022-05-03,106640.0,107127.0,106033.0,106528.0,9935500
2022-05-04,106529.0,108382.0,104933.0,108344.0,14558600
2022-05-05,108337.0,108337.0,103923.0,105304.0,13826200
2022-05-06,105303.0,106268.0,103984.0,105135.0,14137700
2022-05-09,105109.0,105109.0,102768.0,103250.0,13196700
2022-05-10,103251.0,104286.0,102386.0,103110.0,13507400
2022-05-11,103110.0,105374.0,103008.0,104397.0,13425100
2022-05-12,104395.0,105708.0,103579.0,105688.0,13995600
2022-05-13,105691.0,107773.0,105691.0,106924.0,12369300
2022-05-16,108685.0,108685.0,108199.0,108233.0,10596900
2022-05-17,108246.0,109774.0,108245.0,108789.0,16503400
2022-05-18,107903.0,108096.0,106038.0,106247.0,14752800
2022-05-19,106249.0,107420.0,105760.0,107005.0,11426400
2022-05-20,108520.0,108795.0,107351.0,108488.0,12866400
2022-05-23,108500.0,110680.0,108500.0,110346.0,10682700
2022-05-24,110340.0,110635.0,108399.0,110581.0,11724400
2022-05-25,110085.0,111006.0,109699.0,110580.0,10737700
2022-05-26,110577.0,112102.0,110388.0,111890.0,13077400
2022-05-27,111890.0,112441.0,111558.0,111942.0,9979300
2022-05-30,111944.0,112690.0,110655.0,111032.0,7284500
2022-05-31,111036.0,111903.0,110685.0,111351.0,15809400
2022-06-01,111351.0,111931.0,110822.0,111360.0,9790200
2022-06-02,111363.0,112709.0,111218.0,112393.0,10051100
2022-06-03,112392.0,112392.0,110935.0,111102.0,8757500
2022-06-06,111102.0,111935.0,110015.0,110186.0,8212400
2022-06-07,110185.0,110435.0,109394.0,110070.0,9466200
2022-06-08,110067.0,110142.0,108045.0,108368.0,10379900
2022-06-09,108367.0,108510.0,107068.0,107094.0,11955500
2022-06-10,107091.0,107092.0,104648.0,105481.0,12840500
2022-06-13,105476.0,105478.0,101700.0,102598.0,13837900
2022-06-14,102598.0,103328.0,101325.0,102063.0,11563200
2022-06-15,102068.0,103952.0,102046.0,102807.0,16023500
2022-06-17,102800.0,102801.0,98402.0,99825.0,18927300
2022-06-20,99824.0,100481.0,98409.0,99853.0,10900800
2022-06-21,99854.0,101069.0,99167.0,99685.0,11072300
2022-06-22,99678.0,100374.0,98050.0,99522.0,11675100
2022-06-23,99523.0,100232.0,97775.0,98080.0,12397700
2022-06-24,98081.0,99313.0,98031.0,98672.0,10345200
2022-06-27,98673.0,101106.0,98672.0,100764.0,9895900
2022-06-28,100766.0,102237.0,99956.0,100591.0,10493900
2022-06-29,100592.0,101313.0,99218.0,99622.0,10448100
2022-06-30,99619.0,99619.0,97758.0,98542.0,14588800
2022-07-01,98542.0,99340.0,97231.0,98954.0,11609800
2022-07-04,98952.0,99353.0,98264.0,98609.0,6279300
2022-07-05,98608.0,98608.0,96499.0,98295.0,13358800
2022-07-06,98294.0,99141.0,97423.0,98719.0,13348200
2022-07-07,98722.0,101420.0,98722.0,100730.0,12696300
2022-07-08,100732.0,101577.0,99958.0,100289.0,9730400
2022-07-11,100282.0,100282.0,97854.0,98212.0,8893400
2022-07-12,98212.0,98737.0,97253.0,98271.0,12566300
2022-07-13,98258.0,98928.0,97403.0,97881.0,12208100
2022-07-14,97879.0,97879.0,95431.0,96121.0,12579000
2022-07-15,96119.0,96971.0,95267.0,96551.0,11347600
2022-07-18,96553.0,98291.0,96553.0,96916.0,10738200
2022-07-19,96920.0,98346.0,96917.0,98245.0,10295900
2022-07-20,98244.0,98366.0,97277.0,98287.0,12941700
2022-07-21,98286.0,99057.0,97088.0,99033.0,10060000
2022-07-22,99034.0,99724.0,98321.0,98925.0,10033500
2022-07-25,98926.0,100508.0,98925.0,100270.0,8621800
2022-07-26,100270.0,100753.0,99365.0,99772.0,9136600
2022-07-27,99773.0,101471.0,99772.0,101438.0,10263100
2022-07-28,101437.0,102686.0,101045.0,102597.0,11130000
2022-07-29,102597.0,103989.0,102514.0,103165.0,12934200
2022-08-01,103165.0,103317.0,101764.0,102225.0,11626700
2022-08-02,102225.0,103660.0,101694.0,103362.0,10124500
2022-08-03,103362.0,103878.0,102822.0,103775.0,12379600
2022-08-04,103777.0,106162.0,103777.0,105892.0,15499000
2022-08-05,105893.0,107176.0,105518.0,106472.0,12947500
2022-08-08,106473.0,108489.0,106473.0,108402.0,12674600
2022-08-09,108403.0,109331.0,107842.0,108651.0,12147900
2022-08-10,108658.0,110362.0,108657.0,110236.0,13376200
2022-08-11,110236.0,111310.0,109604.0,109718.0,14944800
2022-08-12,109718.0,112764.0,109718.0,112764.0,18704900
2022-08-15,112767.0,113214.0,111067.0,113032.0,15552900
2022-08-16,113034.0,113626.0,112690.0,113512.0,12986400
2022-08-17,113508.0,114146.0,112483.0,113708.0,14652800
2022-08-18,113708.0,114375.0,113304.0,113813.0,10644200
2022-08-19,113807.0,113807.0,111146.0,111496.0,12678600
2022-08-22,111487.0,111487.0,109858.0,110501.0,11010900
2022-08-23,110504.0,112965.0,110503.0,112857.0,11892000
2022-08-24,112856.0,113888.0,112632.0,112898.0,13758600
2022-08-25,112898.0,114156.0,112768.0,113532.0,11838500
2022-08-26,113533.0,114091.0,111978.0,112299.0,11159700
2022-08-29,112296.0,113222.0,111689.0,112323.0,9795800
2022-08-30,112323.0,112869.0,110103.0,110431.0,11937900
2022-08-31,110431.0,111364.0,109523.0,109523.0,14791100
2022-09-01,109524.0,110405.0,108217.0,110405.0,14478000
2022-09-02,110409.0,112264.0,110409.0,110864.0,16691800
2022-09-05,110868.0,112671.0,110865.0,112203.0,9515500
2022-09-06,112203.0,112203.0,109348.0,109764.0,14296100
2022-09-08,109771.0,110768.0,108619.0,109916.0,13759500
2022-09-09,109922.0,112540.0,109922.0,112300.0,12155200
2022-09-12,112307.0,114160.0,112305.0,113407.0,11707100
2022-09-13,113398.0,113400.0,110522.0,110794.0,12612500
2022-09-14,110794.0,111504.0,110118.0,110547.0,11630900
2022-09-15,110547.0,111100.0,109524.0,109954.0,11622500
2022-09-16,109951.0,109952.0,108489.0,109280.0,18843300
2022-09-19,109283.0,111976.0,108508.0,111824.0,12594800
2022-09-20,111824.0,112544.0,111393.0,112517.0,12570300
2022-09-21,112517.0,113294.0,111380.0,111936.0,14726800
2022-09-22,111942.0,114392.0,111819.0,114070.0,15684400
2022-09-23,112258.0,112457.0,110732.0,111716.0,13542300
2022-09-26,111713.0,111713.0,109022.0,109114.0,13127000
2022-09-27,109122.0,110161.0,108120.0,108376.0,14517500
2022-09-28,108377.0,108970.0,107914.0,108451.0,13540500
2022-09-29,108449.0,108449.0,106244.0,107664.0,14588500
2022-09-30,107664.0,110502.0,107315.0,110037.0,16536300
2022-10-03,110048.0,116134.0,110048.0,116134.0,20982900
2022-10-04,116704.0,118280.0,115837.0,116230.0,16078700
2022-10-05,116231.0,117514.0,115906.0,117198.0,13555200
2022-10-06,117200.0,118382.0,117144.0,117561.0,14520500
2022-10-07,117560.0,117960.0,115924.0,116375.0,13616500
2022-10-10,116377.0,116841.0,115261.0,115941.0,11429900
2022-10-11,115928.0,115928.0,114297.0,114827.0,13137900
2022-10-13,114819.0,115367.0,112690.0,114300.0,14583700
2022-10-14,114301.0,114712.0,111631.0,112072.0,13096100
2022-10-17,112107.0,114406.0,112090.0,113624.0,11633000
2022-10-18,113627.0,115795.0,113627.0,115743.0,14744200
2022-10-19,115744.0,116459.0,115264.0,116274.0,12729900
2022-10-20,116276.0,117367.0,116276.0,117171.0,16915800
2022-10-21,117170.0,120752.0,116736.0,119929.0,18579800
2022-10-24,119922.0,119924.0,115793.0,116013.0,13278800
2022-10-25,116016.0,116203.0,114626.0,114626.0,14727200
2022-10-26,114626.0,114626.0,112577.0,112764.0,16088200
2022-10-27,112766.0,116236.0,112765.0,114641.0,15530800
2022-10-28,114636.0,114712.0,113336.0,114539.0,14392400
2022-10-31,114533.0,116763.0,112113.0,116037.0,21637900
2022-11-01,116037.0,118261.0,115547.0,116929.0,17969700
2022-11-03,116927.0,117373.0,114485.0,116896.0,15634600
2022-11-04,116907.0,120039.0,116904.0,118155.0,16209500
2022-11-07,118148.0,118240.0,115266.0,115342.0,15221900
2022-11-08,115340.0,117072.0,114688.0,116160.0,14239800
2022-11-09,116153.0,116183.0,113110.0,113580.0,20531600
2022-11-10,113579.0,113579.0,108516.0,109775.0,26029300
2022-11-11,109775.0,113010.0,109408.0,112253.0,25038700
2022-11-14,112256.0,114322.0,111930.0,113161.0,15080400
2022-11-16,113166.0,113473.0,109512.0,110243.0,18351000
2022-11-17,110241.0,110242.0,107245.0,109703.0,23119600
2022-11-18,109706.0,111585.0,108512.0,108880.0,18769100
2022-11-21,108868.0,110235.0,107957.0,109748.0,16651600
2022-11-22,109750.0,110224.0,107867.0,109037.0,15056500
2022-11-23,109036.0,109285.0,107902.0,108683.0,13198400
2022-11-24,108846.0,112612.0,108846.0,111831.0,10296900
2022-11-25,111831.0,112025.0,108552.0,108977.0,12309100
2022-11-28,108977.0,109476.0,108378.0,108782.0,11492600
2022-11-29,108784.0,112187.0,108784.0,110910.0,14721700
2022-11-30,110910.0,112486.0,110202.0,112486.0,19703200
2022-12-01,112479.0,112479.0,110548.0,110926.0,15193700
2022-12-02,110926.0,113761.0,109963.0,111924.0,15982000
2022-12-05,111922.0,112150.0,109270.0,109401.0,12308400
2022-12-06,109403.0,110663.0,109217.0,109533.0,13437500
2022-12-07,110188.0,110247.0,108612.0,109361.0,13825300
2022-12-08,109068.0,109286.0,106906.0,107245.0,14921000
2022-12-09,107250.0,108566.0,107089.0,107689.0,10676300
2022-12-12,107518.0,107561.0,103877.0,105264.0,15481900
2022-12-13,105345.0,106689.0,103409.0,103892.0,17702200
2022-12-14,103536.0,104516.0,101632.0,103803.0,24923500
2022-12-15,103739.0,105483.0,103014.0,103738.0,15568200
2022-12-16,103737.0,104018.0,102248.0,102825.0,18255000
2022-12-19,102859.0,105107.0,102770.0,104530.0,16773400
2022-12-20,104740.0,107792.0,104607.0,106979.0,19125600
2022-12-21,106866.0,107991.0,106066.0,107313.0,17634900
2022-12-22,107436.0,108383.0,106510.0,107317.0,11494600
2022-12-23,107552.0,109994.0,107552.0,109698.0,12847100
2022-12-26,109699.0,109755.0,108309.0,108738.0,5219500
2022-12-27,108739.0,109353.0,107418.0,108347.0,11158100
2022-12-28,108578.0,110536.0,108578.0,110237.0,11193900
2022-12-29,110237.0,111178.0,109560.0,110031.0,13389100
2023-01-02,109734.0,109734.0,105981.0,106376.0,8130500
2023-01-03,106377.0,106684.0,103852.0,104166.0,14466700
2023-01-04,104167.0,105627.0,103915.0,105334.0,14451200
2023-01-05,105336.0,107743.0,105333.0,107518.0,15512000
2023-01-06,107642.0,109433.0,107642.0,108836.0,12626600
2023-01-09,108964.0,109938.0,108134.0,109227.0,12047300
2023-01-10,109129.0,111193.0,108478.0,110912.0,13697900
2023-01-11,110816.0,111841.0,110752.0,111763.0,14461400
2023-01-12,112516.0,113129.0,110982.0,111877.0,19839100
2023-01-13,111843.0,111847.0,110428.0,110916.0,15939000
2023-01-16,110908.0,110908.0,108753.0,109213.0,12512400
2023-01-17,109214.0,111577.0,109214.0,111439.0,14363200
2023-01-18,111442.0,113306.0,111441.0,112452.0,14128600
2023-01-19,112219.0,113172.0,111307.0,113006.0,15594300
2023-01-20,112922.0,113025.0,111735.0,112301.0,15436600
2023-01-23,112041.0,113061.0,111542.0,111709.0,13701000
2023-01-24,111746.0,113040.0,111669.0,113028.0,11551500
2023-01-25,113028.0,114386.0,111927.0,114195.0,11413000
2023-01-26,114271.0,114835.0,113591.0,114109.0,10920800
2023-01-27,114178.0,114191.0,112044.0,112502.0,10614500
2023-01-30,112319.0,112920.0,111824.0,111888.0,11272700
2023-01-31,112273.0,113581.0,112145.0,113532.0,12900200
2023-02-01,113430.0,113598.0,110729.0,112303.0,17821500
2023-02-02,112072.0,112943.0,109747.0,109935.0,15241800
2023-02-03,110141.0,110570.0,108185.0,108490.0,13235300
2023-02-06,108518.0,108710.0,107416.0,108456.0,11514600
2023-02-07,108727.0,109037.0,107234.0,107920.0,12956300
2023-02-08,107832.0,110175.0,107830.0,109882.0,13837000
2023-02-09,109952.0,110046.0,107781.0,107783.0,12956000
2023-02-10,108002.0,108647.0,107620.0,108150.0,14458000
2023-02-13,108074.0,109193.0,107420.0,108846.0,9973600
2023-02-14,108839.0,109564.0,107557.0,107659.0,11894600
2023-02-15,107849.0,110210.0,107267.0,109442.0,15499500
2023-02-16,109599.0,110437.0,108378.0,109905.0,12995900
2023-02-17,109941.0,109941.0,108968.0,109303.0,10058400
2023-02-22,109174.0,109174.0,106720.0,107152.0,9356400
2023-02-23,107152.0,108663.0,106731.0,107720.0,11459000
2023-02-24,107582.0,107611.0,105360.0,105873.0,10221100
2023-02-27,105807.0,106402.0,105227.0,105711.0,9570700
2023-02-28,105706.0,106794.0,104932.0,104932.0,15672400
2023-03-01,104933.0,105497.0,103105.0,104385.0,19853000
2023-03-02,104375.0,104912.0,103321.0,103326.0,14738800
2023-03-03,103326.0,104440.0,103323.0,103866.0,13101500
2023-03-06,103865.0,105171.0,103170.0,104700.0,14277800
2023-03-07,104700.0,105179.0,103480.0,104228.0,12578200
2023-03-08,104228.0,106721.0,104228.0,106540.0,15904100
2023-03-09,106540.0,106724.0,105053.0,105071.0,19174300
2023-03-10,105071.0,105071.0,103201.0,103618.0,17952200
2023-03-13,103608.0,103907.0,102255.0,103121.0,12993800
2023-03-14,103121.0,104153.0,102482.0,102932.0,13133800
2023-03-15,102930.0,103048.0,100692.0,102675.0,15246500
2023-03-16,102683.0,103911.0,102455.0,103435.0,14385800
2023-03-17,103434.0,103434.0,101664.0,101982.0,17560000
2023-03-20,101982.0,102328.0,100679.0,100923.0,0
2023-03-21,100923.0,101670.0,100923.0,100998.0,9672100
2023-03-22,100998.0,101888.0,100129.0,100221.0,11504600
2023-03-23,100221.0,101126.0,96997.0,97926.0,0
2023-03-24,97926.0,99258.0,97688.0,98829.0,0
2023-03-27,98833.0,99997.0,98833.0,99670.0,9990600
2023-03-28,99672.0,101559.0,99488.0,101185.0,13500100
2023-03-29,101185.0,102213.0,100248.0,101793.0,12456100
2023-03-30,101796.0,104085.0,101796.0,103713.0,14901600
2023-03-31,103714.0,104041.0,101476.0,101882.0,15111200
2023-04-03,101883.0,101916.0,100651.0,101506.0,12794800
2023-04-04,101505.0,103056.0,101505.0,101869.0,11695800
2023-04-05,101869.0,101960.0,99898.0,100978.0,13256500
2023-04-06,100978.0,101628.0,100443.0,100822.0,9818500
2023-04-10,100822.0,102196.0,100819.0,101847.0,8148700
2023-04-11,101849.0,106455.0,101848.0,106214.0,18725700
2023-04-12,106218.0,108277.0,106217.0,106890.0,17345500
2023-04-13,106890.0,107037.0,106220.0,106458.0,12182900
2023-04-14,106458.0,106701.0,104934.0,106279.0,11501000
2023-04-17,106279.0,106830.0,105623.0,106016.0,10253400
2023-04-18,106023.0,106475.0,105122.0,106163.0,11207900
2023-04-19,106149.0,106149.0,103604.0,103913.0,12713600
2023-04-20,103913.0,104615.0,103087.0,104367.0,12378000
2023-04-24,104367.0,104822.0,103247.0,103947.0,10935400
2023-04-25,103947.0,103947.0,102633.0,103220.0,10873200
2023-04-26,103220.0,103668.0,102233.0,102312.0,10115500
2023-04-27,102310.0,103177.0,101975.0,102923.0,11302800
2023-04-28,102923.0,104432.0,102449.0,104432.0,13080900
2023-05-02,104431.0,104447.0,101569.0,101927.0,12018000
2023-05-03,101927.0,102331.0,101433.0,101797.0,11688200
2023-05-04,101798.0,103321.0,101063.0,102174.0,14837300
2023-05-05,102175.0,105306.0,102175.0,105148.0,16699500
2023-05-08,105161.0,106716.0,105161.0,106042.0,13259200
2023-05-09,106028.0,107731.0,105549.0,107114.0,13526600
2023-05-10,107114.0,107744.0,106538.0,107448.0,13576900
2023-05-11,107446.0,108667.0,106419.0,108256.0,12772100
2023-05-12,108256.0,108817.0,107497.0,108464.0,11925000
2023-05-15,108469.0,109271.0,108356.0,109029.0,11603200
2023-05-16,109029.0,110151.0,108085.0,108194.0,16897300
2023-05-17,108194.0,109774.0,108188.0,109460.0,13993000
2023-05-18,109459.0,110206.0,108864.0,110108.0,13613100
2023-05-19,110113.0,111211.0,109787.0,110745.0,16135800
2023-05-22,110745.0,111643.0,110178.0,110213.0,11769400
2023-05-23,110213.0,111325.0,109713.0,109929.0,12334800
2023-05-24,109920.0,109920.0,108546.0,108800.0,12980200
2023-05-25,108800.0,111115.0,108800.0,110054.0,14745300
2023-05-26,110058.0,111706.0,109900.0,110906.0,11019700
2023-05-29,110906.0,111168.0,110195.0,110333.0,5913000
2023-05-30,110333.0,111291.0,108552.0,108967.0,11588000
2023-05-31,108967.0,109137.0,108193.0,108335.0,15861100
2023-06-01,108339.0,110745.0,108335.0,110565.0,14669000
2023-06-02,110568.0,113070.0,110567.0,112558.0,14545800
2023-06-05,112558.0,113071.0,111736.0,112696.0,9078800
2023-06-06,112697.0,114783.0,112696.0,114610.0,15025400
2023-06-07,114610.0,115978.0,114610.0,115488.0,14017100
2023-06-09,115489.0,117603.0,115489.0,117019.0,13527100
2023-06-12,117022.0,117735.0,116704.0,117336.0,12016200
2023-06-13,117337.0,117924.0,116363.0,116743.0,12392200
2023-06-14,116753.0,119085.0,116745.0,119069.0,16938600
2023-06-15,119068.0,119686.0,118693.0,119221.0,12298000
2023-06-16,119208.0,119555.0,118487.0,118758.0,15251700
2023-06-19,118757.0,119939.0,118558.0,119858.0,6776300
2023-06-20,119858.0,119858.0,118416.0,119622.0,10924200
2023-06-21,119623.0,120519.0,119332.0,120420.0,11736700
2023-06-22,120420.0,120420.0,118018.0,118934.0,11831500
2023-06-23,118959.0,119386.0,118178.0,118977.0,12845400
2023-06-26,118977.0,119148.0,117491.0,118243.0,10456600
2023-06-27,118246.0,119212.0,116561.0,117523.0,13077000
2023-06-28,117524.0,117937.0,116560.0,116681.0,10646300
2023-06-29,116683.0,118623.0,116683.0,118383.0,11055300
2023-06-30,118388.0,119447.0,118087.0,118087.0,13824700
2023-07-03,118092.0,119877.0,118092.0,119673.0,8907500
2023-07-04,119673.0,119678.0,118830.0,119076.0,6555200
2023-07-05,119072.0,120200.0,118688.0,119549.0,10959000
2023-07-06,119548.0,119548.0,117096.0,117426.0,11025700
2023-07-07,117427.0,119549.0,117427.0,118898.0,10521000
2023-07-10,118897.0,118897.0,117814.0,117942.0,8104000
2023-07-11,117942.0,117942.0,115704.0,117220.0,10592500
2023-07-12,117557.0,119156.0,117557.0,117666.0,8941200
2023-07-13,117671.0,119739.0,117668.0,119264.0,9257600
2023-07-14,119268.0,119329.0,117526.0,117711.0,8980000
2023-07-17,117711.0,118302.0,116591.0,118219.0,8201900
2023-07-18,118218.0,118732.0,117324.0,117841.0,8584800
2023-07-19,117842.0,118011.0,116660.0,117552.0,9728700
2023-07-20,117558.0,118290.0,117484.0,118083.0,8986400
2023-07-21,118090.0,120373.0,118086.0,120217.0,11181500
2023-07-24,120220.0,121772.0,120099.0,121342.0,10494800
2023-07-25,121344.0,123010.0,121344.0,122008.0,11427100
2023-07-26,122003.0,122747.0,121370.0,122560.0,9988800
2023-07-27,122560.0,122599.0,119825.0,119990.0,10678700
2023-07-28,120002.0,120660.0,119706.0,120187.0,8464200
2023-07-31,120188.0,122149.0,120188.0,121943.0,10122700
2023-08-01,121945.0,121945.0,120154.0,121248.0,10302800
2023-08-02,121249.0,121252.0,119798.0,120859.0,10565900
2023-08-03,120859.0,122619.0,120365.0,120586.0,13027300
2023-08-04,120586.0,121442.0,119215.0,119508.0,15065200
2023-08-07,119509.0,120104.0,118894.0,119380.0,8726500
2023-08-08,119378.0,119553.0,117492.0,119090.0,10246000
2023-08-09,119090.0,119090.0,117901.0,118409.0,11245600
2023-08-10,118412.0,119438.0,118113.0,118350.0,12689600
2023-08-11,118350.0,119054.0,117415.0,118065.0,11867500
2023-08-14,118067.0,118082.0,116530.0,116810.0,11203500
2023-08-15,116809.0,117697.0,116033.0,116171.0,14636000
2023-08-16,116171.0,117338.0,115534.0,115592.0,18862600
2023-08-17,115592.0,116610.0,114859.0,114982.0,12747500
2023-08-18,114973.0,115729.0,114423.0,115409.0,10601000
2023-08-21,115404.0,115425.0,114067.0,114429.0,9794400
2023-08-22,114433.0,116286.0,114433.0,116156.0,9828500
2023-08-23,116160.0,118135.0,116159.0,118135.0,11542800
2023-08-24,118135.0,118136.0,116848.0,117026.0,9196200
2023-08-25,117025.0,117252.0,115397.0,115837.0,9214100
2023-08-28,115838.0,117253.0,115836.0,117121.0,9596900
2023-08-29,117124.0,118493.0,117124.0,118404.0,9631600
2023-08-30,118404.0,118841.0,117471.0,117535.0,8924000
2023-08-31,117537.0,117637.0,115742.0,115742.0,12950000
2023-09-01,115744.0,117991.0,115744.0,117893.0,11890700
2023-09-04,117893.0,118576.0,117590.0,117777.0,5529700
2023-09-05,117776.0,117957.0,116637.0,117331.0,10870700
2023-09-06,117331.0,117971.0,115984.0,115985.0,9916100
2023-09-08,115979.0,115979.0,114839.0,115313.0,8360700
2023-09-11,115316.0,117131.0,115316.0,116883.0,8789000
2023-09-12,116885.0,118154.0,116885.0,117968.0,9192800
2023-09-13,117968.0,119318.0,117722.0,118176.0,12075300
2023-09-14,118181.0,119748.0,118181.0,119392.0,13279300
2023-09-15,119393.0,119780.0,118666.0,118758.0,16107600
2023-09-18,118759.0,119486.0,118123.0,118288.0,11273100
2023-09-19,118293.0,118458.0,117628.0,117846.0,11453800
2023-09-20,117864.0,119616.0,117847.0,118695.0,9238800
2023-09-21,118695.0,118695.0,116013.0,116145.0,12685800
2023-09-22,116147.0,116968.0,115855.0,116009.0,9443500
2023-09-25,116009.0,116031.0,115573.0,115925.0,9580000
2023-09-26,115922.0,115922.0,114162.0,114193.0,11241800
2023-09-27,114194.0,115340.0,113366.0,114327.0,13359300
2023-09-28,114875.0,115954.0,114811.0,115731.0,10387000
2023-09-29,115742.0,116899.0,115742.0,116565.0,11143200
2023-10-02,116565.0,116672.0,114761.0,115057.0,8524900
2023-10-03,115055.0,115056.0,113151.0,113419.0,11104800
2023-10-04,113430.0,114075.0,113036.0,113607.0,10813800
2023-10-05,113609.0,114359.0,112705.0,113284.0,9507200
2023-10-06,113283.0,114491.0,111599.0,114170.0,13138200
2023-10-09,114169.0,115219.0,113448.0,115156.0,9474400
2023-10-10,115158.0,116900.0,115158.0,116737.0,11621500
2023-10-11,116737.0,117099.0,116231.0,117051.0,9949800
2023-10-13,117050.0,117070.0,115658.0,115754.0,10609300
2023-10-16,115760.0,116905.0,115760.0,116534.0,8989900
2023-10-17,116526.0,116917.0,115564.0,115908.0,10371700
2023-10-18,115907.0,115907.0,113952.0,114060.0,15492200
2023-10-19,114059.0,115063.0,113768.0,114004.0,11497600
2023-10-20,113996.0,114090.0,112533.0,113155.0,11739200
2023-10-23,113145.0,113680.0,112164.0,112785.0,10701800
2023-10-24,112814.0,114249.0,112814.0,113762.0,10711800
2023-10-25,113762.0,114319.0,112680.0,112830.0,12306500
2023-10-26,112840.0,114886.0,112840.0,114777.0,12770600
2023-10-27,114777.0,115342.0,112953.0,113301.0,12289500
2023-10-30,113303.0,114204.0,112309.0,112532.0,9741800
2023-10-31,112534.0,113597.0,112098.0,113144.0,10557400
2023-11-01,113157.0,115433.0,113157.0,115053.0,13904100
2023-11-03,115062.0,118502.0,115062.0,118160.0,15714000
2023-11-06,118160.0,118758.0,118045.0,118487.0,10167700
2023-11-07,118422.0,119577.0,118026.0,119268.0,16393100
2023-11-08,119268.0,119976.0,118464.0,119099.0,15193500
2023-11-09,119180.0,120257.0,118446.0,119012.0,15568300
2023-11-10,119036.0,120823.0,119036.0,120636.0,0
2023-11-13,120561.0,120606.0,119878.0,120376.0,11198000
2023-11-14,120411.0,123370.0,120411.0,123328.0,19427900
2023-11-16,123165.0,124737.0,123165.0,124576.0,18355600
2023-11-17,124639.0,125431.0,124547.0,125062.0,15719100
2023-11-20,124773.0,126162.0,124773.0,126095.0,11108500
2023-11-21,125957.0,125957.0,125060.0,125607.0,10793500
2023-11-22,125626.0,126875.0,125439.0,126035.0,14058500
2023-11-23,126035.0,126760.0,125764.0,126576.0,7816400
2023-11-24,126553.0,126553.0,125341.0,125542.0,9613100
2023-11-27,125517.0,125826.0,124840.0,125683.0,11013800
2023-11-28,125726.0,126916.0,125388.0,126538.0,12394200
2023-11-29,126541.0,127388.0,126018.0,126101.0,12417500
2023-11-30,126168.0,127399.0,126168.0,127331.0,19238400
2023-12-01,127331.0,128165.0,126656.0,128103.0,13696500
2023-12-04,128183.0,128183.0,126643.0,126803.0,10270500
2023-12-05,126802.0,127489.0,126491.0,126903.0,11960300
2023-12-06,126907.0,127538.0,125614.0,125623.0,10837300
2023-12-07,125623.0,126581.0,125566.0,126010.0,10505300
2023-12-08,126010.0,127289.0,125562.0,127094.0,10745300
2023-12-11,127093.0,127154.0,126526.0,126916.0,7091900
2023-12-12,126923.0,127359.0,126013.0,126403.0,10266500
2023-12-13,126406.0,129793.0,126299.0,129465.0,15066200
2023-12-14,129469.0,131260.0,129469.0,130842.0,15822800
2023-12-15,130842.0,131661.0,129884.0,130197.0,15141000
2023-12-18,130202.0,131447.0,130198.0,131084.0,9604400
2023-12-19,131088.0,132047.0,131086.0,131851.0,9429700
2023-12-20,131851.0,132341.0,130710.0,130804.0,10335800
2023-12-21,130826.0,132277.0,130822.0,132182.0,8681000
2023-12-22,132553.0,133035.0,132094.0,132753.0,8231100
2023-12-26,132753.0,133645.0,132753.0,133533.0,0
2023-12-27,133523.0,134195.0,133328.0,134194.0,6168200
2023-12-28,134194.0,134392.0,133832.0,134185.0,7812700
2024-01-02,134186.0,134195.0,132095.0,132697.0,8437800
2024-01-03,132697.0,133576.0,132250.0,132834.0,8702400
2024-01-04,132831.0,132885.0,131024.0,131226.0,8972300
2024-01-05,131218.0,132635.0,130579.0,132023.0,9199700
2024-01-08,132023.0,132498.0,131015.0,132427.0,8497500
2024-01-09,132424.0,132426.0,131203.0,131447.0,9287500
2024-01-10,131447.0,131628.0,130438.0,130841.0,8958400
2024-01-11,130841.0,131308.0,129898.0,130649.0,9761700
2024-01-12,130652.0,131927.0,130410.0,130988.0,10661900
2024-01-15,130988.0,131606.0,130253.0,131521.0,5746600
2024-01-16,131515.0,131517.0,129147.0,129294.0,11911300
2024-01-17,129293.0,129296.0,128312.0,128524.0,9952500
2024-01-18,128524.0,129047.0,127316.0,127316.0,12460800
2024-01-19,127319.0,127820.0,126533.0,127636.0,11956900
2024-01-22,127636.0,127843.0,125876.0,126602.0,9509100
2024-01-23,126612.0,128331.0,126612.0,128263.0,9366100
2024-01-24,128275.0,129446.0,127680.0,127816.0,8823800
2024-01-25,127815.0,128697.0,127803.0,128169.0,8757600
2024-01-26,128196.0,129252.0,127869.0,128967.0,8508000
2024-01-29,128970.0,129068.0,127853.0,128503.0,8764500
2024-01-30,128492.0,128492.0,127105.0,127402.0,10037400
2024-01-31,127402.0,129558.0,127326.0,127752.0,12495200
2024-02-01,127752.0,128481.0,127284.0,128481.0,10226400
2024-02-02,128471.0,128878.0,126628.0,127182.0,10982800
2024-02-05,127182.0,127834.0,126443.0,127593.0,9637200
2024-02-06,127593.0,130417.0,127593.0,130416.0,13780300
2024-02-07,130412.0,130552.0,129518.0,129608.0,15425400
2024-02-08,129950.0,130126.0,127912.0,128217.0,13634900
2024-02-09,128216.0,128896.0,127579.0,128026.0,12115800
2024-02-14,128026.0,128026.0,126663.0,127018.0,7748300
2024-02-15,127018.0,127824.0,126932.0,127804.0,10980100
2024-02-16,127809.0,129069.0,127653.0,128726.0,10119100
2024-02-19,128720.0,129036.0,128097.0,129036.0,5799100
2024-02-20,129033.0,129916.0,128326.0,129916.0,12237000
2024-02-21,129916.0,130034.0,129359.0,130032.0,12585700
2024-02-22,130035.0,130829.0,129971.0,130241.0,10771700
2024-02-23,130240.0,130624.0,129077.0,129419.0,9230300
2024-02-26,129417.0,129978.0,129077.0,129609.0,7436900
2024-02-27,129613.0,131696.0,129613.0,131689.0,10049000
2024-02-28,131685.0,131685.0,129771.0,130155.0,9045600
2024-02-29,130155.0,130155.0,128669.0,129020.0,12003100
2024-03-01,129026.0,129716.0,128717.0,129180.0,9765100
2024-03-04,129176.0,129307.0,128278.0,128341.0,7967700
2024-03-05,128336.0,128989.0,127823.0,128098.0,9692200
2024-03-06,128099.0,129323.0,128099.0,128890.0,11057900
2024-03-07,128890.0,129188.0,128033.0,128340.0,7350000
2024-03-08,128335.0,128338.0,125802.0,127071.0,11937900
2024-03-11,127068.0,127068.0,126065.0,126124.0,8899100
2024-03-12,126124.0,128039.0,126121.0,127668.0,9483700
2024-03-13,127668.0,128530.0,127439.0,128006.0,8837200
2024-03-14,127992.0,128256.0,127192.0,127690.0,9292600
2024-03-15,127682.0,127957.0,126502.0,126742.0,14992400
2024-03-18,126758.0,127540.0,126272.0,126954.0,10512100
2024-03-19,126955.0,128000.0,126955.0,127529.0,11184800
2024-03-20,127534.0,129210.0,127349.0,129125.0,10819300
2024-03-21,129125.0,129556.0,128093.0,128159.0,9570800
2024-03-22,128159.0,128159.0,126879.0,127027.0,9367800
2024-03-25,127027.0,127224.0,126750.0,126931.0,8060500
2024-03-26,126931.0,127193.0,126591.0,126863.0,9435700
2024-03-27,126863.0,127756.0,126223.0,127691.0,9918200
2024-03-28,127689.0,128364.0,127270.0,128106.0,9943400
2024-04-01,128106.0,128659.0,126772.0,126990.0,9372600
2024-04-02,126990.0,127654.0,126669.0,127549.0,9073600
2024-04-03,127546.0,127694.0,126181.0,127318.0,11032700
2024-04-04,127313.0,129627.0,127178.0,127428.0,13229200
2024-04-05,127422.0,127432.0,126394.0,126795.0,9101300
2024-04-08,126796.0,129178.0,126796.0,128857.0,8128300
2024-04-09,128858.0,129956.0,128826.0,129890.0,8489700
2024-04-10,129872.0,129872.0,127732.0,128054.0,10451800
2024-04-11,128051.0,128051.0,127069.0,127396.0,8882900
2024-04-12,127396.0,127640.0,125635.0,125946.0,10246600
2024-04-15,125946.0,126250.0,125034.0,125334.0,13504500
2024-04-16,125316.0,125316.0,123756.0,124389.0,14009800
2024-04-17,124389.0,125301.0,123642.0,124171.0,11370900
2024-04-18,124171.0,125140.0,123397.0,124196.0,10662400
2024-04-19,124197.0,125509.0,124056.0,125124.0,13604100
2024-04-22,125124.0,126081.0,124633.0,125573.0,10264100
2024-04-23,125572.0,125826.0,124310.0,125148.0,11257800
2024-04-24,125149.0,125473.0,124556.0,124741.0,10526300
2024-04-25,124718.0,124732.0,123703.0,124646.0,10093100
2024-04-26,124651.0,126826.0,124651.0,126526.0,8900000
2024-04-29,126527.0,127352.0,126467.0,127352.0,8385100
2024-04-30,127352.0,127352.0,125856.0,125924.0,10889600
2024-05-02,125926.0,127670.0,125926.0,127122.0,11547800
2024-05-03,127130.0,128787.0,127130.0,128509.0,12799200
2024-05-06,128506.0,129181.0,128294.0,128466.0,8779100
2024-05-07,128466.0,129745.0,128464.0,129210.0,10177500
2024-05-08,129210.0,129564.0,128048.0,129481.0,9788900
2024-05-09,129468.0,129468.0,127376.0,128188.0,13369000
2024-05-10,128188.0,129022.0,127467.0,127600.0,12574200
2024-05-13,127600.0,128669.0,127599.0,128155.0,8917300
2024-05-14,128155.0,128965.0,127962.0,128515.0,11886800
2024-05-15,128514.0,128646.0,127029.0,128028.0,10855600
2024-05-16,128029.0,128965.0,127922.0,128284.0,9852200
2024-05-17,128280.0,128464.0,127696.0,128151.0,10262600
2024-05-20,128151.0,128730.0,127488.0,127751.0,9340300
2024-05-21,127754.0,128272.0,127205.0,127412.0,9138500
2024-05-22,127412.0,127412.0,125524.0,125650.0,12403500
2024-05-23,125650.0,125665.0,124431.0,124729.0,9985400
2024-05-24,124731.0,125257.0,124259.0,124306.0,9211500
2024-05-27,124297.0,124535.0,124081.0,124496.0,4327600
2024-05-28,124498.0,125392.0,123537.0,123780.0,9179800
2024-05-29,123780.0,123780.0,122458.0,122707.0,8257700
2024-05-31,122704.0,122837.0,121929.0,122098.0,15918600
2024-06-03,122100.0,122495.0,121496.0,122032.0,8428100
2024-06-04,122032.0,122032.0,120878.0,121802.0,8529300
2024-06-05,121803.0,122170.0,121253.0,121407.0,8768700
2024-06-06,121408.0,123246.0,121377.0,122899.0,8404200
2024-06-07,122899.0,122899.0,120679.0,120767.0,9801200
2024-06-10,120769.0,121421.0,120540.0,120760.0,6568400
2024-06-11,120760.0,121759.0,120757.0,121635.0,7477000
2024-06-12,121644.0,122483.0,119544.0,119936.0,11278800
2024-06-13,119936.0,120222.0,119171.0,119568.0,8543000
2024-06-14,119558.0,120214.0,118828.0,119662.0,7847600
2024-06-17,119663.0,119663.0,118685.0,119138.0,7380600
2024-06-18,119138.0,120109.0,118872.0,119630.0,8100100
2024-06-19,119630.0,120383.0,118960.0,120261.0,5646300
2024-06-20,120267.0,121607.0,120156.0,120446.0,8659500
2024-06-21,120446.0,121580.0,120061.0,121341.0,12906900
2024-06-24,121343.0,122840.0,121307.0,122637.0,7836100
2024-06-25,122804.0,122849.0,121997.0,122331.0,6942900
2024-06-26,122331.0,122701.0,121402.0,122641.0,8178800
2024-06-27,122642.0,124308.0,122642.0,124308.0,8707300
2024-06-28,124308.0,124500.0,123298.0,123907.0,9070800
2024-07-01,123905.0,125220.0,123735.0,124718.0,0
2024-07-02,124720.0,125491.0,124310.0,124787.0,8368000
2024-07-03,124787.0,126581.0,124787.0,125662.0,8534200
2024-07-04,125666.0,126660.0,125666.0,126164.0,6535700
2024-07-05,126165.0,126662.0,125556.0,126267.0,8085600
2024-07-08,126280.0,126551.0,125614.0,126548.0,7430300
2024-07-09,126548.0,127295.0,125937.0,127108.0,6684600
2024-07-10,127109.0,127769.0,126928.0,127218.0,8152600
2024-07-11,127221.0,128326.0,127221.0,128294.0,7972900
2024-07-12,128293.0,129015.0,128002.0,128897.0,7206600
2024-07-15,128898.0,129485.0,128723.0,129321.0,5826900
2024-07-16,129322.0,129521.0,128761.0,129110.0,6818900
2024-07-17,129112.0,129658.0,128741.0,129450.0,6672400
2024-07-18,129450.0,129454.0,127523.0,127652.0,7591500
2024-07-19,127652.0,128360.0,127413.0,127616.0,7620400
2024-07-22,127616.0,128151.0,127456.0,127860.0,6098200
2024-07-23,127860.0,127860.0,126530.0,126590.0,7022900
2024-07-24,126596.0,126823.0,126218.0,126423.0,7304800
2024-07-25,126423.0,126423.0,125626.0,125954.0,7134100
2024-07-26,125964.0,127700.0,125953.0,127492.0,8272000
2024-07-29,127492.0,127657.0,126606.0,126954.0,7075400
2024-07-30,126951.0,126951.0,125973.0,126139.0,6848600
2024-07-31,126139.0,127853.0,126139.0,127652.0,9471900
2024-08-01,127652.0,128762.0,127150.0,127395.0,9814200
2024-08-02,127395.0,128104.0,125731.0,125854.0,9950900
2024-08-05,125851.0,125851.0,123073.0,125270.0,10886100
2024-08-06,125270.0,126966.0,125261.0,126267.0,10052600
2024-08-07,126268.0,127517.0,126268.0,127514.0,8837900
2024-08-08,127515.0,128793.0,127515.0,128661.0,8624000
2024-08-09,128662.0,130631.0,128662.0,130615.0,11324800
2024-08-12,130615.0,131662.0,130615.0,131116.0,8601600
2024-08-13,131115.0,132430.0,131115.0,132398.0,9798900
2024-08-14,132398.0,133777.0,132112.0,133318.0,12158400
2024-08-15,133319.0,134575.0,133319.0,134153.0,10534800
2024-08-16,134154.0,134781.0,133852.0,133953.0,10871900
2024-08-19,133953.0,136179.0,133953.0,135778.0,11281500
2024-08-20,135779.0,136330.0,135312.0,136087.0,8106800
2024-08-21,136088.0,137040.0,136086.0,136464.0,9572200
2024-08-22,136462.0,136462.0,134836.0,135173.0,8050200
2024-08-23,135174.0,136478.0,135174.0,135608.0,8649400
2024-08-26,135608.0,137013.0,135596.0,136889.0,7560000
2024-08-27,136888.0,137213.0,136664.0,136776.0,6745900
2024-08-28,136776.0,137469.0,135746.0,137344.0,7457100
2024-08-29,137349.0,137370.0,135858.0,136041.0,8385100
2024-08-30,136041.0,136139.0,134910.0,136004.0,18397900
2024-09-02,136004.0,136004.0,134497.0,134981.0,3666100
2024-09-03,134907.0,135011.0,134171.0,134353.0,8802400
2024-09-04,134359.0,136838.0,134359.0,136111.0,9419500
2024-09-05,136112.0,136656.0,135959.0,136502.0,7528700
2024-09-06,136508.0,136653.0,134476.0,134572.0,7563300
2024-09-09,134574.0,135250.0,134399.0,134737.0,6587600
2024-09-10,134738.0,134738.0,133754.0,134320.0,8253500
2024-09-11,134319.0,135087.0,133757.0,134677.0,7947300
2024-09-12,134677.0,134777.0,133591.0,134029.0,7004900
2024-09-13,134031.0,135879.0,134031.0,134882.0,8866000
2024-09-16,134885.0,135715.0,134870.0,135118.0,6707000
2024-09-17,135118.0,135118.0,134180.0,134960.0,7314500
2024-09-18,134960.0,135203.0,133748.0,133748.0,9792800
2024-09-19,133748.0,134759.0,133123.0,133123.0,9254500
2024-09-20,133121.0,133128.0,130907.0,131065.0,13605800
2024-09-23,131065.0,131065.0,130100.0,130568.0,9140800
2024-09-24,130570.0,133073.0,130570.0,132156.0,9367100
2024-09-25,132156.0,132982.0,131489.0,131586.0,10527200
2024-09-26,131595.0,133313.0,131594.0,133010.0,11618300
2024-09-27,133010.0,133923.0,132628.0,132730.0,9338900
2024-09-30,132761.0,133120.0,131816.0,131816.0,9131600
2024-10-01,131817.0,133405.0,131817.0,132495.0,9841100
2024-10-02,132495.0,134922.0,132495.0,133515.0,9398700
2024-10-03,133514.0,133514.0,131176.0,131672.0,9821200
2024-10-04,131672.0,131936.0,131156.0,131792.0,7054700
2024-10-07,131792.0,132943.0,131676.0,132018.0,7702100
2024-10-08,132016.0,132016.0,130371.0,131512.0,9093200
2024-10-09,131510.0,131520.0,129719.0,129962.0,9220400
2024-10-10,129963.0,130418.0,129835.0,130353.0,7617300
2024-10-11,130354.0,130354.0,129338.0,129992.0,7973300
2024-10-14,129992.0,131220.0,129729.0,131005.0,8502100
2024-10-15,131005.0,131457.0,130200.0,131043.0,7982900
2024-10-16,131045.0,132233.0,130780.0,131750.0,10282800
2024-10-17,131716.0,131716.0,129902.0,130793.0,7086000
2024-10-18,130793.0,131725.0,130121.0,130499.0,8683700
2024-10-21,130499.0,131124.0,130157.0,130362.0,7774900
2024-10-22,130346.0,130346.0,129094.0,129721.0,5522000
2024-10-23,129949.0,129949.0,128589.0,129233.0,7962200
2024-10-24,129233.0,130130.0,128798.0,130067.0,8310600
2024-10-25,130067.0,130529.0,129806.0,129893.0,8513300
2024-10-28,129894.0,131421.0,129894.0,131213.0,7135300
2024-10-29,131214.0,131765.0,130693.0,130730.0,7636400
2024-10-30,130730.0,131027.0,130473.0,130639.0,7327100
2024-10-31,130639.0,130798.0,129642.0,129713.0,9068100
2024-11-01,129718.0,129902.0,128070.0,128121.0,9897900
2024-11-04,128130.0,130609.0,128128.0,130515.0,9013500
2024-11-05,130515.0,130769.0,129692.0,130661.0,8556100
2024-11-06,130613.0,130670.0,128822.0,130341.0,10540900
2024-11-07,130341.0,131319.0,129406.0,129682.0,10520800
2024-11-08,129647.0,129647.0,126973.0,127830.0,13183200
2024-11-11,127829.0,128095.0,127306.0,127874.0,8395300
2024-11-12,127873.0,128210.0,127411.0,127698.0,9522100
2024-11-13,127698.0,128100.0,126869.0,127734.0,12692800
2024-11-14,127734.0,128423.0,127389.0,127792.0,13138300
2024-11-18,127791.0,128277.0,127226.0,127768.0,10742000
2024-11-19,127768.0,128579.0,127235.0,128197.0,9103600
2024-11-21,128197.0,128197.0,126594.0,126922.0,10271900
2024-11-22,126944.0,129126.0,126944.0,129126.0,9186200
2024-11-25,129125.0,129495.0,128932.0,129036.0,14411200
2024-11-26,129043.0,130361.0,129042.0,129922.0,9745200
2024-11-27,129923.0,130283.0,127669.0,127669.0,12318800
2024-11-28,127667.0,127668.0,124390.0,124610.0,12833100
2024-11-29,124611.0,126056.0,123946.0,125668.0,16398000
2024-12-02,125668.0,125901.0,124734.0,125236.0,11517200
2024-12-03,125235.0,126417.0,125233.0,126139.0,9990000
2024-12-04,126139.0,126720.0,125828.0,126087.0,9388600
2024-12-05,126088.0,127989.0,126087.0,127858.0,9530800
2024-12-06,127856.0,127872.0,125833.0,125946.0,11223300
2024-12-09,125946.0,127542.0,125946.0,127210.0,9367300
2024-12-10,127213.0,128511.0,127213.0,128228.0,9141300
2024-12-11,128228.0,130899.0,127362.0,129593.0,13170900
2024-12-12,129587.0,129587.0,125829.0,126042.0,13453200
2024-12-13,126102.0,126290.0,124578.0,124612.0,11762700
2024-12-16,124610.0,124956.0,123495.0,123560.0,11071100
2024-12-17,123560.0,125301.0,123560.0,124698.0,17561100
2024-12-18,124699.0,124699.0,120457.0,120772.0,19742800
2024-12-19,120768.0,121770.0,120768.0,121188.0,13682900
2024-12-20,121183.0,122209.0,120700.0,122102.0,18128200
2024-12-23,122105.0,122105.0,120617.0,120767.0,9953300
2024-12-26,120767.0,121612.0,120428.0,121078.0,8338500
2024-12-27,121078.0,121609.0,120252.0,120269.0,8937000
2024-12-30,120267.0,121050.0,120158.0,120283.0,8895300
2025-01-02,120283.0,120782.0,119120.0,120125.0,9373600
2025-01-03,120125.0,120356.0,118404.0,118533.0,9804400
2025-01-06,118534.0,120322.0,118534.0,120022.0,9685600
2025-01-07,120022.0,121713.0,120022.0,121163.0,11116400
2025-01-08,121160.0,121160.0,119351.0,119625.0,10230700
2025-01-09,119625.0,120145.0,119502.0,119781.0,6611500
2025-01-10,119781.0,120052.0,118732.0,118856.0,9255500
2025-01-13,118856.0,119729.0,118743.0,119007.0,8161500
2025-01-14,119007.0,119451.0,118223.0,119299.0,9349300
2025-01-15,119309.0,122988.0,119303.0,122650.0,11928800
2025-01-16,122649.0,122660.0,120796.0,121234.0,11312100
2025-01-17,121258.0,122674.0,121074.0,122350.0,10242300
2025-01-20,122349.0,123098.0,121511.0,122543.0,4185300
2025-01-21,122850.0,123462.0,122290.0,123338.0,7819600
2025-01-22,123345.0,123865.0,122926.0,122972.0,9975100
2025-01-23,122965.0,123958.0,122159.0,122483.0,9491400
2025-01-24,122483.0,122908.0,122196.0,122447.0,7777800
2025-01-27,122443.0,124862.0,122207.0,124862.0,11021500
2025-01-28,124861.0,124881.0,123973.0,124056.0,8313500
2025-01-29,124056.0,124767.0,123278.0,123432.0,7348500
2025-01-30,123433.0,127169.0,123432.0,126913.0,11688100
2025-01-31,126914.0,127532.0,126057.0,126135.0,10242600
2025-02-03,126135.0,126473.0,125566.0,125970.0,9548900
2025-02-04,125964.0,125964.0,124694.0,125147.0,9784500
2025-02-05,125146.0,125846.0,124637.0,125534.0,9957400
2025-02-06,125531.0,126399.0,125249.0,126225.0,10028600
2025-02-07,126219.0,126524.0,124320.0,124619.0,10952400
2025-02-10,124619.0,126386.0,124619.0,125572.0,8908600
2025-02-11,125571.0,126886.0,125570.0,126522.0,11242800
2025-02-12,126513.0,126513.0,124116.0,124380.0,14625100
2025-02-13,124372.0,124853.0,123778.0,124850.0,9048100
2025-02-14,124849.0,128482.0,124849.0,128219.0,12560100
2025-02-17,128229.0,129534.0,128229.0,128869.0,7032800
2025-02-18,128553.0,129294.0,128012.0,128532.0,10994100
2025-02-19,128528.0,128528.0,127028.0,127309.0,9295100
2025-02-20,127309.0,127871.0,127063.0,127601.0,10640300
2025-02-21,127601.0,127654.0,126483.0,127128.0,11093300
2025-02-24,127129.0,127275.0,125162.0,125401.0,10148900
2025-02-25,125401.0,126718.0,125382.0,125980.0,11078000
2025-02-26,125980.0,126563.0,124732.0,124769.0,11361800
2025-02-27,124768.0,125497.0,124352.0,124799.0,12554000
2025-02-28,124798.0,124916.0,122659.0,122799.0,24873800
2025-03-05,122799.0,123364.0,122747.0,123047.0,9604100
2025-03-06,123048.0,124112.0,122681.0,123358.0,10060600
2025-03-07,123357.0,125822.0,122530.0,125035.0,9975600
2025-03-10,125031.0,125031.0,123471.0,124519.0,9370800
2025-03-11,124519.0,124625.0,122636.0,123507.0,8810400
2025-03-12,123507.0,124048.0,122969.0,123864.0,8254800
2025-03-13,123863.0,125774.0,123590.0,125637.0,11259000
2025-03-14,125647.0,129194.0,125647.0,128957.0,14572600
2025-03-17,128959.0,131313.0,128957.0,130834.0,11063200
2025-03-18,130832.0,131834.0,130722.0,131475.0,10992400
2025-03-19,131476.0,132984.0,131451.0,132508.0,12204900
2025-03-20,132505.0,132713.0,131813.0,131955.0,14187500
2025-03-21,132005.0,132588.0,131776.0,132345.0,14192000
2025-03-24,132344.0,132424.0,130992.0,131321.0,8301200
2025-03-25,131327.0,133471.0,131325.0,132068.0,9237600
2025-03-26,132069.0,132984.0,132068.0,132520.0,9404600
2025-03-27,132522.0,133904.0,132479.0,133149.0,10016200
2025-03-28,133143.0,133143.0,131315.0,131902.0,8905500
2025-03-31,131900.0,131901.0,130115.0,130260.0,9994900
2025-04-01,130267.0,131982.0,130081.0,131147.0,8966100
2025-04-02,131151.0,131424.0,130393.0,131190.0,8819500
2025-04-03,131185.0,132552.0,130182.0,131141.0,12327500
2025-04-04,131139.0,131139.0,126466.0,127256.0,13176400
2025-04-07,127229.0,128411.0,123876.0,125588.0,14045900
2025-04-08,125588.0,127652.0,123454.0,123932.0,12814700
2025-04-09,123928.0,128649.0,122887.0,127796.0,16919800
2025-04-10,127796.0,127797.0,124895.0,126355.0,11456300
2025-04-11,126355.0,128386.0,126078.0,127682.0,10084200
2025-04-14,127683.0,129955.0,127683.0,129454.0,10608700
2025-04-15,129452.0,129927.0,128951.0,129245.0,8837800
2025-04-16,129245.0,129605.0,128149.0,128317.0,11540200
2025-04-17,128316.0,130091.0,127973.0,129650.0,9983400
2025-04-22,129650.0,130877.0,128726.0,130464.0,8605300
2025-04-23,130468.0,133318.0,130468.0,132216.0,11342700
2025-04-24,132245.0,134938.0,132223.0,134580.0,14113400
2025-04-25,134579.0,134992.0,134186.0,134739.0,13051800
2025-04-28,134741.0,135709.0,134711.0,135016.0,11449700
2025-04-29,135017.0,136150.0,134899.0,135093.0,12761100
2025-04-30,135094.0,135171.0,133955.0,135067.0,15452400
2025-05-02,135067.0,135275.0,134355.0,135134.0,12739100
2025-05-05,135131.0,135198.0,133390.0,133491.0,10796300
2025-05-06,133499.0,134135.0,133260.0,133516.0,11139700
2025-05-07,133517.0,134110.0,132872.0,133398.0,9938200
2025-05-08,133458.0,137635.0,133458.0,136232.0,17202900
2025-05-09,136232.0,137286.0,136105.0,136512.0,13881800
2025-05-12,136516.0,137519.0,136356.0,136563.0,10915800
2025-05-13,136565.0,139419.0,136550.0,138963.0,13071200
2025-05-14,138965.0,139362.0,138228.0,138423.0,11155300
2025-05-15,138425.0,139408.0,138321.0,139334.0,11500800
2025-05-16,139335.0,139335.0,137713.0,139187.0,12106000
2025-05-19,139186.0,140203.0,138587.0,139636.0,9590600
2025-05-20,139636.0,140244.0,138966.0,140110.0,9650800
2025-05-21,140109.0,140109.0,137538.0,137881.0,10150400
2025-05-22,137881.0,138837.0,137088.0,137273.0,13223200
2025-05-23,137273.0,137824.0,134997.0,137824.0,10682600
2025-05-26,137824.0,138800.0,137795.0,138136.0,5553800
2025-05-27,138136.0,140382.0,138136.0,139541.0,11187800
2025-05-28,139541.0,139547.0,138580.0,138888.0,9735000
2025-05-29,138869.0,139108.0,137993.0,138534.0,8826400
2025-05-30,138546.0,138637.0,136726.0,137027.0,15141600
2025-06-02,137026.0,138471.0,136483.0,136787.0,9100100
2025-06-03,136787.0,137672.0,136175.0,137546.0,9696700
2025-06-04,137547.0,138797.0,136695.0,137002.0,10199100
2025-06-05,137003.0,137451.0,136031.0,136236.0,9484500
2025-06-06,136236.0,136890.0,135601.0,136102.0,9119300
2025-06-09,136102.0,136106.0,134119.0,135699.0,7763800
2025-06-10,135716.0,137369.0,135716.0,136436.0,8186500
2025-06-11,136443.0,137531.0,135628.0,137128.0,8767100
2025-06-12,137127.0,137931.0,136175.0,137800.0,7124600
2025-06-13,137800.0,137800.0,136586.0,137213.0,8628300
2025-06-16,137212.0,139988.0,137212.0,139256.0,7620500
2025-06-17,139256.0,139497.0,138293.0,138840.0,8377000
2025-06-18,138844.0,139161.0,138443.0,138717.0,8323400
2025-06-20,138715.0,138719.0,136815.0,137116.0,11289300
2025-06-23,137116.0,137130.0,135835.0,136551.0,7727800
2025-06-24,136552.0,138156.0,136254.0,137165.0,8083700
2025-06-25,137163.0,137163.0,135565.0,135767.0,7705700
2025-06-26,135767.0,137353.0,135756.0,137114.0,8023300
2025-06-27,137113.0,137209.0,136469.0,136866.0,6244500
2025-06-30,136865.0,139103.0,136430.0,138855.0,7680300
2025-07-01,138855.0,139695.0,138855.0,139549.0,6345700
2025-07-02,139586.0,140049.0,138384.0,139051.0,8811900
2025-07-03,139051.0,141304.0,139051.0,140928.0,6082200
2025-07-04,140928.0,141537.0,140597.0,141478.0,2114300
2025-07-07,141265.0,141342.0,139295.0,139490.0,6117300
2025-07-08,139491.0,139591.0,138770.0,139303.0,6750100
2025-07-09,139303.0,139331.0,137299.0,137481.0,7584500
2025-07-10,137472.0,137472.0,136015.0,136743.0,9566200
2025-07-11,136742.0,136742.0,135528.0,136187.0,7401900
2025-07-14,136187.0,136187.0,134840.0,135299.0,7325600
2025-07-15,135298.0,136022.0,134380.0,135250.0,6904200
2025-07-16,135250.0,135641.0,134265.0,135511.0,7833200
2025-07-17,135515.0,135793.0,135016.0,135565.0,6800000
2025-07-18,135563.0,135563.0,133296.0,133382.0,10071800
2025-07-21,133382.0,134865.0,133367.0,134167.0,6726700
2025-07-22,134180.0,135300.0,133986.0,134036.0,7052100
2025-07-23,134036.0,135782.0,133676.0,135368.0,6527600
2025-07-24,135357.0,135363.0,133648.0,133808.0,5976800
2025-07-25,133820.0,134204.0,133285.0,133524.0,5560900
2025-07-28,133538.0,133902.0,131550.0,132129.0,6625600
2025-07-29,132130.0,133346.0,132130.0,132726.0,6324800
2025-07-30,132702.0,134368.0,131883.0,133990.0,8655300
2025-07-31,133987.0,133987.0,132096.0,133071.0,9196800
2025-08-01,132920.0,133237.0,132140.0,132437.0,8497100
2025-08-04,132440.0,133929.0,132440.0,132971.0,6136600
2025-08-05,132971.0,134233.0,132682.0,133151.0,6606300
2025-08-06,133169.0,135241.0,133169.0,134538.0,8681700
2025-08-07,134538.0,137007.0,134534.0,136528.0,9501000
2025-08-08,136526.0,136761.0,135659.0,135913.0,9890600
2025-08-11,135913.0,136307.0,135496.0,135623.0,6947300
2025-08-12,135629.0,138414.0,135629.0,137914.0,8342100
2025-08-13,137911.0,137913.0,136535.0,136687.0,9398500
2025-08-14,136681.0,137437.0,135588.0,136356.0,9667800
2025-08-15,136354.0,136431.0,135583.0,136341.0,9291000
2025-08-18,136341.0,137902.0,136341.0,137322.0,8089900
2025-08-19,137321.0,137321.0,133997.0,134432.0,8684100
2025-08-20,134431.0,134964.0,134122.0,134667.0,6845000
2025-08-21,134664.0,134837.0,133874.0,134511.0,6516300
2025-08-22,134512.0,138072.0,134512.0,137968.0,9315600
2025-08-25,137971.0,138890.0,137971.0,138025.0,5991700
2025-08-26,138026.0,138037.0,137059.0,137771.0,8453400
2025-08-27,137773.0,139281.0,137456.0,139206.0,6609100
2025-08-28,139206.0,142138.0,139206.0,141049.0,9294800
2025-08-29,141049.0,142379.0,141000.0,141422.0,9333200
2025-09-01,141423.0,141950.0,140878.0,141125.0,3388000
2025-09-02,141279.0,141279.0,139625.0,140335.0,8785200
2025-09-03,140332.0,140496.0,139582.0,139864.0,7579800
2025-09-04,139832.0,141482.0,139832.0,140993.0,8032400
2025-09-05,141004.0,143409.0,141004.0,142640.0,8379400
2025-09-08,142640.0,143089.0,141329.0,141792.0,7440900
2025-09-09,141794.0,142286.0,141606.0,141618.0,7481900
2025-09-10,141612.0,143182.0,141612.0,142349.0,7138700
2025-09-11,142349.0,144013.0,142349.0,143151.0,7570400
2025-09-12,143151.0,143202.0,142241.0,142272.0,6388600
2025-09-15,142292.0,144194.0,142292.0,143547.0,6614000
2025-09-16,143547.0,144584.0,143547.0,144062.0,8478200
2025-09-17,144059.0,146331.0,143910.0,145594.0,9604400
2025-09-18,145594.0,145726.0,144993.0,145500.0,8372000
2025-09-19,145500.0,146399.0,145496.0,145865.0,10279800
2025-09-22,145864.0,145864.0,144117.0,145109.0,9428100
2025-09-23,145112.0,147179.0,145107.0,146425.0,8143800
2025-09-24,146426.0,146585.0,146067.0,146492.0,7292900
2025-09-25,146492.0,146519.0,145187.0,145306.0,8293800
2025-09-26,145326.0,146235.0,145146.0,145447.0,6338200
2025-09-29,145447.0,147558.0,145447.0,146337.0,7074100
2025-09-30,146337.0,147578.0,145774.0,146237.0,9477300
2025-10-01,146237.0,146879.0,145193.0,145517.0,8340700
2025-10-02,145517.0,145621.0,143635.0,143950.0,7245600
2025-10-03,143950.0,144518.0,143676.0,144201.0,6177600
2025-10-06,144202.0,144532.0,143376.0,143608.0,5981500
2025-10-07,143606.0,143606.0,141035.0,141356.0,9272700
2025-10-08,141356.0,142385.0,141356.0,142145.0,7525200
2025-10-09,142148.0,143212.0,141603.0,141708.0,6821400
2025-10-10,141725.0,142274.0,140231.0,140680.0,8280800
2025-10-13,140682.0,142303.0,140682.0,141783.0,5531200
2025-10-14,141788.0,142589.0,141334.0,141683.0,7122300
2025-10-15,141683.0,142905.0,141154.0,142604.0,10321000
2025-10-16,142604.0,143191.0,141446.0,142200.0,7391900
2025-10-17,142200.0,143425.0,141248.0,143399.0,8875100
2025-10-20,143399.0,145216.0,143396.0,144509.0,6793400
2025-10-21,144509.0,144795.0,143829.0,144085.0,6193200
2025-10-22,144094.0,145048.0,144039.0,144873.0,7025000
2025-10-23,144881.0,146358.0,144881.0,145721.0,6599600
2025-10-24,145721.0,147240.0,145721.0,146172.0,6491300
2025-10-27,146174.0,147977.0,146174.0,146969.0,6445200
2025-10-28,146970.0,147811.0,146575.0,147429.0,7108000
2025-10-29,147430.0,149067.0,147430.0,148633.0,7999500
2025-10-30,148632.0,149234.0,147547.0,148780.0,7300600
2025-10-31,148774.0,149636.0,148774.0,149540.0,8911000
2025-11-03,149551.0,150761.0,149551.0,150454.0,7667600
2025-11-04,150454.0,150888.0,149979.0,150704.0,7541200
2025-11-05,150709.0,153583.0,150296.0,153294.0,9803000
2025-11-06,153297.0,154352.0,153235.0,153339.0,9387600
2025-11-07,153339.0,154066.0,152368.0,154064.0,9474100
2025-11-10,154061.0,155601.0,154058.0,155257.0,7751600
2025-11-11,155257.0,158467.0,155252.0,157749.0,12876000
2025-11-12,157749.0,158134.0,156560.0,157633.0,11226600
2025-11-13,157633.0,158319.0,156509.0,157162.0,10560800
2025-11-14,157162.0,158366.0,156656.0,157739.0,7977300
2025-11-17,157742.0,157901.0,156568.0,156993.0,8419200
2025-11-18,156990.0,157040.0,155834.0,156522.0,8723000
2025-11-19,156522.0,156522.0,155212.0,155381.0,8815200
2025-11-21,155381.0,155387.0,153571.0,154770.0,7848000
2025-11-24,154769.0,155832.0,154529.0,155278.0,9277600
2025-11-25,155278.0,156373.0,154821.0,155910.0,6929400
2025-11-26,155915.0,158714.0,155914.0,158555.0,8596500
2025-11-27,158554.0,158864.0,158167.0,158292.0,3121400
2025-11-28,158358.0,159689.0,158078.0,159072.0,8017000
2025-12-01,159074.0,159224.0,158030.0,158611.0,7504300
2025-12-02,158612.0,161092.0,158612.0,161092.0,8430000
2025-12-03,161094.0,161964.0,161093.0,161755.0,8292000
2025-12-04,161760.0,164551.0,161759.0,164456.0,10592300
2025-12-05,164461.0,165036.0,157007.0,157369.0,14529000
2025-12-08,157369.0,159235.0,157369.0,158187.0,9024100
2025-12-09,158187.0,158851.0,155188.0,157981.0,8703800
2025-12-10,157984.0,159691.0,157628.0,159075.0,8239900
2025-12-11,159072.0,159850.0,158098.0,159189.0,7018000
2025-12-12,159189.0,161263.0,159189.0,160766.0,7671200
2025-12-15,160766.0,163073.0,160766.0,162482.0,8229000
2025-12-16,162482.0,162482.0,158558.0,158578.0,9920300
2025-12-17,158578.0,158611.0,156351.0,157327.0,11344300
2025-12-18,157327.0,158496.0,157124.0,157923.0,7800100
2025-12-19,157928.0,159552.0,157906.0,158473.0,9946500
2025-12-22,158480.0,158634.0,157306.0,158142.0,8424000
2025-12-23,158144.0,160456.0,158144.0,160456.0,6569800
2025-12-26,160456.0,160913.0,159359.0,160897.0,4790000
2025-12-29,160897.0,161133.0,159702.0,160490.0,5605600
2025-12-30,160491.0,162075.0,160491.0,161125.0,5870100
